,f_aspect,f_sweep,f_taper,f_twist,a_aspect,a_sweep,a_taper,a_twist,a_x_loc,a_S_rel,v_aspect,v_S_rel,scheme_fuse,scheme_vertical,a_dihedral_mag,S_ref,V,H,alpha,delta,cx,cy,mz_ref,mx_beta,my_beta,K
f_aspect,1.0,-0.0019948375919602093,-0.0033719982506229397,0.0009972082774506934,-0.00032359094429818306,-0.0015778889931255685,0.003869612970958884,0.0034945870206019043,-0.0017557167553168248,0.003946062480978634,-0.004754687426333194,-0.008368236691706438,-3.821035448209038e-07,,0.00036512442362302054,3.488925400295032e-05,0.0031258891428715533,0.0013735568935167863,0.005082378705028884,-0.007580714053139932,-0.040253767247916385,0.005034776933974746,-0.005547315706579716,0.004827735097024129,0.0074950113793725145,-0.0014948859163235629
f_sweep,-0.0019948375919602093,1.0,0.0005896830094828621,-5.034508156177961e-05,-0.012602615354515725,-0.00011722435903299424,-8.685367544332603e-05,-0.0026938497956933384,-0.001974777927855657,0.003206382499177722,-0.008321356535356931,0.002397021942026118,3.641038303422301e-07,,-0.00506169974536911,-0.0020046672405549873,-0.0024709348692225244,0.000431416814380405,0.006259887623972334,0.0006295877836552467,0.004297408169326513,0.0068281678735752985,-0.005966617409523046,0.004335897066230029,-0.004588259490539356,0.006733555159479924
f_taper,-0.0033719982506229397,0.0005896830094828621,1.0,-0.003136717402739533,0.0002502351357663437,-0.005790885164300947,0.006386349553406663,0.004509993110893953,0.001319307912726442,0.0031935444634521937,-0.006379225288653801,-0.002742228124685778,-2.844609054574567e-07,,-0.004421245316003059,0.0007623330618169361,0.0020242180332321197,0.0019744806898471276,-0.005398118369397103,0.0031013961632562993,0.0026684901179859113,-0.005076325479298008,0.004690841789542547,0.0014814962728086193,0.003417957204011125,-0.004178423187938681
f_twist,0.0009972082774506934,-5.034508156177961e-05,-0.003136717402739533,1.0,0.005560745036858033,-0.0009188147985264736,0.0017282032786466776,-0.004727595806462603,-0.002675984651793527,-0.0036621421478133485,0.0004472550991869303,0.0020540076106995864,-3.6076892262870806e-07,,0.0011798584682808538,-0.0014694956207775146,0.0022074691721066875,-0.0003461233376392954,0.001878178479625566,0.006476866484623631,0.003188275440066462,0.025697013413940185,0.00785833443455382,0.006984796746013324,-0.00019583411974479745,0.004581725304831392
a_aspect,-0.00032359094429818306,-0.012602615354515725,0.0002502351357663437,0.005560745036858033,1.0,0.0035416043442122315,0.0027820956748177226,-0.0045232956388334185,0.002501444483018207,-0.0003939459778667577,0.0006949278464001835,0.006400753679985045,-9.712108412908335e-08,,-0.0017190291474736424,0.00732998771173735,0.001707039943174441,0.0010685962478455757,-0.008492906688055137,0.0073446417477588954,-0.09404670867341441,0.0019518087453218628,-0.01031941554640906,-0.03943278262915329,0.4423335214352806,0.008151441457713285
a_sweep,-0.0015778889931255685,-0.00011722435903299424,-0.005790885164300947,-0.0009188147985264736,0.0035416043442122315,1.0,0.004201586287597374,-0.005396113379466871,0.002001321519434393,0.0014441534120283952,0.0064425260038408335,-0.0005368525177789451,-8.226023436421321e-08,,0.001011328837481963,0.005611452747716529,-0.005373291232275935,-0.001677791062648574,-0.00039097296840900084,-0.0011053021181404543,-0.0033760106748567877,0.002942686641539942,-0.044761846559623224,-0.18167266988694813,-0.027830865552146287,0.00037766149194131695
a_taper,0.003869612970958884,-8.685367544332603e-05,0.006386349553406663,0.0017282032786466776,0.0027820956748177226,0.004201586287597374,1.0,-0.002723646498881529,-2.6131896090155235e-05,0.0008330650817366155,0.001380989762926718,-0.005886169883728855,-2.574835416194696e-07,,0.006875091253060229,0.005271619527241269,-0.005308430599467972,0.003472417733627608,0.0007363416994862554,0.0015672903753769602,0.007101243543086017,0.0007940450176562714,-0.002093453808347548,0.0351264442337409,-0.021799336932859167,-0.00202114415065175
a_twist,0.0034945870206019043,-0.0026938497956933384,0.004509993110893953,-0.004727595806462603,-0.0045232956388334185,-0.005396113379466871,-0.002723646498881529,1.0,-0.0043879327548317516,0.0007544006901081187,-0.001121455056946975,-0.0015572855769943775,4.995891462103702e-07,,0.0037288595357143905,-0.002320746399732819,-0.0008075602857596978,0.001032156163192802,0.0003010199729480979,-0.0027254891789296526,0.018879429383170943,0.05594501490424322,-0.08445750114475876,0.025432728755550568,0.0002029076182674406,0.0309475471998067
a_x_loc,-0.0017557167553168248,-0.001974777927855657,0.001319307912726442,-0.002675984651793527,0.002501444483018207,0.002001321519434393,-2.6131896090155235e-05,-0.0043879327548317516,1.0,0.003918970649241885,-0.00011249631510735399,-0.0038909588269229155,7.744232393661935e-08,,-0.004408303299866521,0.005070892154024548,-0.0020151817144404643,0.001669475858404874,0.0028935932528822814,-0.003541966063281115,0.013796419483712314,0.0012941337785895852,-0.04619479432758671,-0.0008330987576575688,-0.33437653367046666,-0.0005935068090519925
a_S_rel,0.003946062480978634,0.003206382499177722,0.0031935444634521937,-0.0036621421478133485,-0.0003939459778667577,0.0014441534120283952,0.0008330650817366155,0.0007544006901081187,0.003918970649241885,1.0,-0.0019398111427968634,0.006676809397832894,-1.572132995132114e-07,,0.003500843548820299,0.00019636506216785468,0.0026552190608005017,0.004887075415646704,-0.0034354431010774496,0.0062467091246861135,-0.024344555572963198,0.011549946287863088,-0.022000684295327158,-0.036753855963585186,-0.0077226660656928015,0.00790473626491291
v_aspect,-0.004754687426333194,-0.008321356535356931,-0.006379225288653801,0.0004472550991869303,0.0006949278464001835,0.0064425260038408335,0.001380989762926718,-0.001121455056946975,-0.00011249631510735399,-0.0019398111427968634,1.0,0.0028163729882449066,9.624314549596836e-08,,-0.0012542075189308263,-0.0020340972257484264,-0.002941199953709967,0.004292316436436654,-0.0001960694040502937,0.004001212184877862,0.002362206945429537,0.00021127861343262562,0.0008508893393807664,-0.12864070078649106,-0.19573901997726978,0.0022180036927972567
v_S_rel,-0.008368236691706438,0.002397021942026118,-0.002742228124685778,0.0020540076106995864,0.006400753679985045,-0.0005368525177789451,-0.005886169883728855,-0.0015572855769943775,-0.0038909588269229155,0.006676809397832894,0.0028163729882449066,1.0,5.009919282259403e-07,,-0.0004499022966353309,0.00288155680521161,-0.0012753229112753472,-0.005018816800625858,-0.0006625109602635927,0.0003812548996474238,0.012715062548678616,-0.0009244365274541797,0.0022356380284310005,-0.2936246708549136,-0.5825958315848581,-0.000295792658470631
scheme_fuse,-3.821035448209038e-07,3.641038303422301e-07,-2.844609054574567e-07,-3.6076892262870806e-07,-9.712108412908335e-08,-8.226023436421321e-08,-2.574835416194696e-07,4.995891462103702e-07,7.744232393661935e-08,-1.572132995132114e-07,9.624314549596836e-08,5.009919282259403e-07,1.0,,2.4249982383755174e-07,9.735920004467416e-07,2.1871590860388946e-07,1.1141263990080558e-07,-8.920498766034952e-07,1.2858329715641956e-07,0.0034537739104760078,0.00020761739964812113,0.0011035418591334911,-0.006597423287546078,0.011974319006766083,0.0006918775278539055
scheme_vertical,,,,,,,,,,,,,,,,,,,,,,,,,,
a_dihedral_mag,0.00036512442362302054,-0.00506169974536911,-0.004421245316003059,0.0011798584682808538,-0.0017190291474736424,0.001011328837481963,0.006875091253060229,0.0037288595357143905,-0.004408303299866521,0.003500843548820299,-0.0012542075189308263,-0.0004499022966353309,2.4249982383755174e-07,,1.0,0.0017470778657283164,-0.0012664876149726472,-0.002385301287656661,-0.007615679563069571,0.001275125306502182,-0.004976049778267231,-0.006571010506972267,0.0021810841035836527,-0.3814334393682755,-0.01203294552551461,-0.00968541336122591
S_ref,3.488925400295032e-05,-0.0020046672405549873,0.0007623330618169361,-0.0014694956207775146,0.00732998771173735,0.005611452747716529,0.005271619527241269,-0.002320746399732819,0.005070892154024548,0.00019636506216785468,-0.0020340972257484264,0.00288155680521161,9.735920004467416e-07,,0.0017470778657283164,1.0,0.0017457675222334078,0.008244406497653069,0.003825738376688666,-0.0032925933035299025,-0.08710868743713725,0.0035740531418843625,-0.004579282341149871,-0.00703989429247048,-0.1950125279285308,0.0019441299958599264
V,0.0031258891428715533,-0.0024709348692225244,0.0020242180332321197,0.0022074691721066875,0.001707039943174441,-0.005373291232275935,-0.005308430599467972,-0.0008075602857596978,-0.0020151817144404643,0.0026552190608005017,-0.002941199953709967,-0.0012753229112753472,2.1871590860388946e-07,,-0.0012664876149726472,0.0017457675222334078,1.0,0.007198566967611879,0.0010218571401285506,-0.0032948791655219535,0.008925112101958657,0.001819434446523786,-0.00362841233096409,0.0022659944340493077,0.0004001035252420942,0.0005385461264035602
H,0.0013735568935167863,0.000431416814380405,0.0019744806898471276,-0.0003461233376392954,0.0010685962478455757,-0.001677791062648574,0.003472417733627608,0.001032156163192802,0.001669475858404874,0.004887075415646704,0.004292316436436654,-0.005018816800625858,1.1141263990080558e-07,,-0.002385301287656661,0.008244406497653069,0.007198566967611879,1.0,2.828740362736974e-05,-0.0020259345432834647,0.0031037842664126108,-1.1008686495995746e-05,0.0004892675772446194,0.0005297195748002376,0.0003030136348461902,-0.0011487219365900637
alpha,0.005082378705028884,0.006259887623972334,-0.005398118369397103,0.001878178479625566,-0.008492906688055137,-0.00039097296840900084,0.0007363416994862554,0.0003010199729480979,0.0028935932528822814,-0.0034354431010774496,-0.0001960694040502937,-0.0006625109602635927,-8.920498766034952e-07,,-0.007615679563069571,0.003825738376688666,0.0010218571401285506,2.828740362736974e-05,1.0,-0.0012486441628006006,0.2262345573232326,0.9897653683228852,-0.9033834480213556,0.08065903219595724,0.006131855999493982,0.8266966173945447
delta,-0.007580714053139932,0.0006295877836552467,0.0031013961632562993,0.006476866484623631,0.0073446417477588954,-0.0011053021181404543,0.0015672903753769602,-0.0027254891789296526,-0.003541966063281115,0.0062467091246861135,0.004001212184877862,0.0003812548996474238,1.2858329715641956e-07,,0.001275125306502182,-0.0032925933035299025,-0.0032948791655219535,-0.0020259345432834647,-0.0012486441628006006,1.0,0.01113853669142008,0.0701088268722512,0.035142228961853594,0.015432235772071538,0.006157044606114428,0.009922694784627881
cx,-0.040253767247916385,0.004297408169326513,0.0026684901179859113,0.003188275440066462,-0.09404670867341441,-0.0033760106748567877,0.007101243543086017,0.018879429383170943,0.013796419483712314,-0.024344555572963198,0.002362206945429537,0.012715062548678616,0.0034537739104760078,,-0.004976049778267231,-0.08710868743713725,0.008925112101958657,0.0031037842664126108,0.2262345573232326,0.01113853669142008,1.0,0.2211963345793501,-0.20840381477632539,0.030950549939701363,0.016790765946138392,0.08815979795109698
cy,0.005034776933974746,0.0068281678735752985,-0.005076325479298008,0.025697013413940185,0.0019518087453218628,0.002942686641539942,0.0007940450176562714,0.05594501490424322,0.0012941337785895852,0.011549946287863088,0.00021127861343262562,-0.0009244365274541797,0.00020761739964812113,,-0.006571010506972267,0.0035740531418843625,0.001819434446523786,-1.1008686495995746e-05,0.9897653683228852,0.0701088268722512,0.2211963345793501,1.0,-0.9116710472312042,0.07601180656960912,0.014396341247699873,0.8390996755287072
mz_ref,-0.005547315706579716,-0.005966617409523046,0.004690841789542547,0.00785833443455382,-0.01031941554640906,-0.044761846559623224,-0.002093453808347548,-0.08445750114475876,-0.04619479432758671,-0.022000684295327158,0.0008508893393807664,0.0022356380284310005,0.0011035418591334911,,0.0021810841035836527,-0.004579282341149871,-0.00362841233096409,0.0004892675772446194,-0.9033834480213556,0.035142228961853594,-0.20840381477632539,-0.9116710472312042,1.0,0.14011656587004623,-1.1522913536591621e-05,-0.7758367471550495
mx_beta,0.004827735097024129,0.004335897066230029,0.0014814962728086193,0.006984796746013324,-0.03943278262915329,-0.18167266988694813,0.0351264442337409,0.025432728755550568,-0.0008330987576575688,-0.036753855963585186,-0.12864070078649106,-0.2936246708549136,-0.006597423287546078,,-0.3814334393682755,-0.00703989429247048,0.0022659944340493077,0.0005297195748002376,0.08065903219595724,0.015432235772071538,0.030950549939701363,0.07601180656960912,0.14011656587004623,1.0,0.2276083191421866,0.05538941674272113
my_beta,0.0074950113793725145,-0.004588259490539356,0.003417957204011125,-0.00019583411974479745,0.4423335214352806,-0.027830865552146287,-0.021799336932859167,0.0002029076182674406,-0.33437653367046666,-0.0077226660656928015,-0.19573901997726978,-0.5825958315848581,0.011974319006766083,,-0.01203294552551461,-0.1950125279285308,0.0004001035252420942,0.0003030136348461902,0.006131855999493982,0.006157044606114428,0.016790765946138392,0.014396341247699873,-1.1522913536591621e-05,0.2276083191421866,1.0,0.020131224782491172
K,-0.0014948859163235629,0.006733555159479924,-0.004178423187938681,0.004581725304831392,0.008151441457713285,0.00037766149194131695,-0.00202114415065175,0.0309475471998067,-0.0005935068090519925,0.00790473626491291,0.0022180036927972567,-0.000295792658470631,0.0006918775278539055,,-0.00968541336122591,0.0019441299958599264,0.0005385461264035602,-0.0011487219365900637,0.8266966173945447,0.009922694784627881,0.08815979795109698,0.8390996755287072,-0.7758367471550495,0.05538941674272113,0.020131224782491172,1.0
